[
  {
    "venue": "713_Music_Hall",
    "type": "Missing Attribute",
    "description": "Added data-id='9301399' to section 'parent'"
  },
  {
    "venue": "713_Music_Hall",
    "type": "Missing Labels",
    "description": "Added labels to sections"
  },
  {
    "venue": "713_Music_Hall",
    "type": "Invalid Colors",
    "description": "Fixed color formats"
  },
  {
    "venue": "Allstate_Arena",
    "type": "Missing Labels",
    "description": "Added labels to sections"
  },
  {
    "venue": "Amerant_Bank_Arena",
    "type": "Missing Labels",
    "description": "Added labels to sections"
  },
  {
    "venue": "American_Airlines_Center",
    "type": "Missing Labels",
    "description": "Added labels to sections"
  },
  {
    "venue": "Ameris_Bank_Amphitheatre",
    "type": "Missing Labels",
    "description": "Added labels to sections"
  },
  {
    "venue": "Angel_of_the_Winds_Arena",
    "type": "Missing Labels",
    "description": "Added labels to sections"
  },
  {
    "venue": "Arizona_Financial_Theatre",
    "type": "Missing Labels",
    "description": "Added labels to sections"
  },
  {
    "venue": "Atlanta_Symphony_Hall",
    "type": "Missing Labels",
    "description": "Added labels to sections"
  },
  {
    "venue": "Atrium_Health_Amphitheater",
    "type": "Missing Attribute",
    "description": "Added data-section-id='sections'"
  },
  {
    "venue": "Atrium_Health_Amphitheater",
    "type": "Missing Labels",
    "description": "Added labels to sections"
  },
  {
    "venue": "Ball_Arena",
    "type": "Missing Labels",
    "description": "Added labels to sections"
  },
  {
    "venue": "Barclays_Center",
    "type": "Missing Attribute",
    "description": "Added data-section-id='sections'"
  },
  {
    "venue": "Barclays_Center",
    "type": "Missing Labels",
    "description": "Added labels to sections"
  },
  {
    "venue": "Bayou_Music_Center",
    "type": "Missing Labels",
    "description": "Added labels to sections"
  },
  {
    "venue": "Bayou_Music_Center",
    "type": "Invalid Colors",
    "description": "Fixed color formats"
  },
  {
    "venue": "Beacon_Theatre",
    "type": "Missing Labels",
    "description": "Added labels to sections"
  },
  {
    "venue": "Beacon_Theatre",
    "type": "Invalid Colors",
    "description": "Fixed color formats"
  },
  {
    "venue": "Bellagio",
    "type": "Missing Labels",
    "description": "Added labels to sections"
  },
  {
    "venue": "Bellco_Theatre",
    "type": "Missing Labels",
    "description": "Added labels to sections"
  },
  {
    "venue": "Bobby_Dodd_Stadium",
    "type": "Missing Labels",
    "description": "Added labels to sections"
  },
  {
    "venue": "Broadmoor_World_Arena",
    "type": "Missing Labels",
    "description": "Added labels to sections"
  },
  {
    "venue": "Buell_Theatre",
    "type": "Missing Labels",
    "description": "Added labels to sections"
  },
  {
    "venue": "Cadillac_Palace_Theatre",
    "type": "Missing Labels",
    "description": "Added labels to sections"
  },
  {
    "venue": "Cellairis_Amphitheatre",
    "type": "Missing Labels",
    "description": "Added labels to sections"
  },
  {
    "venue": "Chase_Center",
    "type": "Missing Labels",
    "description": "Added labels to sections"
  },
  {
    "venue": "CIBC_Theatre",
    "type": "Missing Attribute",
    "description": "Added data-section-id='sections'"
  },
  {
    "venue": "CIBC_Theatre",
    "type": "Missing Labels",
    "description": "Added labels to sections"
  },
  {
    "venue": "Climate_Pledge_Arena",
    "type": "Missing Labels",
    "description": "Added labels to sections"
  },
  {
    "venue": "Crypto_com_Arena",
    "type": "Missing Labels",
    "description": "Added labels to sections"
  },
  {
    "venue": "Cure_Insurance_Arena",
    "type": "Missing Labels",
    "description": "Added labels to sections"
  },
  {
    "venue": "Desert_Diamond_Arena",
    "type": "Missing Labels",
    "description": "Added labels to sections"
  },
  {
    "venue": "Dickies_Arena",
    "type": "Missing Labels",
    "description": "Added labels to sections"
  },
  {
    "venue": "Dolby_Live_at_Park_MGM",
    "type": "Missing Labels",
    "description": "Added labels to sections"
  },
  {
    "venue": "Dreyfoos_Hall_at_Kravis_Center",
    "type": "Missing Attribute",
    "description": "Added data-section-id='sections'"
  },
  {
    "venue": "Dreyfoos_Hall_at_Kravis_Center",
    "type": "Missing Labels",
    "description": "Added labels to sections"
  },
  {
    "venue": "EchoPark_Speedway",
    "type": "Missing Attribute",
    "description": "Added data-section-id='sections'"
  },
  {
    "venue": "EchoPark_Speedway",
    "type": "Missing Attribute",
    "description": "Added data-id='1453685' to section 'sections'"
  },
  {
    "venue": "EchoPark_Speedway",
    "type": "Missing Labels",
    "description": "Added labels to sections"
  },
  {
    "venue": "EchoPark_Speedway",
    "type": "Invalid Colors",
    "description": "Fixed color formats"
  },
  {
    "venue": "Empower_Field_at_Mile_High",
    "type": "Missing Labels",
    "description": "Added labels to sections"
  },
  {
    "venue": "Excalibur",
    "type": "Missing Labels",
    "description": "Added labels to sections"
  },
  {
    "venue": "Fenway_Park",
    "type": "Duplicate ID",
    "description": "Renamed 'ter-b-sro' to 'ter-b-sro-1'"
  },
  {
    "venue": "Fenway_Park",
    "type": "Missing Labels",
    "description": "Added labels to sections"
  },
  {
    "venue": "Fiddlers_Green_Amphitheatre",
    "type": "Missing Labels",
    "description": "Added labels to sections"
  },
  {
    "venue": "Fillmore_Auditorium_Denver",
    "type": "Missing Labels",
    "description": "Added labels to sections"
  },
  {
    "venue": "Fontainebleau_Las_Vegas",
    "type": "Missing Labels",
    "description": "Added labels to sections"
  },
  {
    "venue": "Forest_Hills_Stadium",
    "type": "Duplicate ID",
    "description": "Renamed '501' to '501-1'"
  },
  {
    "venue": "Forest_Hills_Stadium",
    "type": "Missing Attribute",
    "description": "Added data-section-id='sections'"
  },
  {
    "venue": "Forest_Hills_Stadium",
    "type": "Missing Labels",
    "description": "Added labels to sections"
  },
  {
    "venue": "Fox_Theatre",
    "type": "Missing Labels",
    "description": "Added labels to sections"
  },
  {
    "venue": "Fox_Theatre",
    "type": "Invalid Colors",
    "description": "Fixed color formats"
  },
  {
    "venue": "Freedom_Mortgage_Pavilion",
    "type": "Missing Labels",
    "description": "Added labels to sections"
  },
  {
    "venue": "Gas_South_Arena",
    "type": "Missing Labels",
    "description": "Added labels to sections"
  },
  {
    "venue": "Gershwin_Theatre",
    "type": "Missing Labels",
    "description": "Added labels to sections"
  },
  {
    "venue": "Gillette_Stadium",
    "type": "Missing Labels",
    "description": "Added labels to sections"
  },
  {
    "venue": "Globe_Life_Field",
    "type": "Missing Labels",
    "description": "Added labels to sections"
  },
  {
    "venue": "Hard_Rock_Live",
    "type": "Missing Labels",
    "description": "Added labels to sections"
  },
  {
    "venue": "Hard_Rock_Stadium",
    "type": "Missing Labels",
    "description": "Added labels to sections"
  },
  {
    "venue": "Heartland_Events_Center_at_the_Nebraska_State_Fair",
    "type": "Missing Attribute",
    "description": "Added data-section-id='sections'"
  },
  {
    "venue": "Heartland_Events_Center_at_the_Nebraska_State_Fair",
    "type": "Missing Labels",
    "description": "Added labels to sections"
  },
  {
    "venue": "Hollywood_Bowl",
    "type": "Missing Labels",
    "description": "Added labels to sections"
  },
  {
    "venue": "Hollywood_Bowl",
    "type": "Invalid Colors",
    "description": "Fixed color formats"
  },
  {
    "venue": "Hollywood_Palladium",
    "type": "Missing Labels",
    "description": "Added labels to sections"
  },
  {
    "venue": "House_of_Blues_Dallas",
    "type": "Missing Labels",
    "description": "Added labels to sections"
  },
  {
    "venue": "Imperial_Theatre",
    "type": "Missing Labels",
    "description": "Added labels to sections"
  },
  {
    "venue": "Intuit_Dome",
    "type": "Missing Labels",
    "description": "Added labels to sections"
  },
  {
    "venue": "iTHINK_Financial_Amphitheatre",
    "type": "Missing Labels",
    "description": "Added labels to sections"
  },
  {
    "venue": "Jiffy_Lube_Live",
    "type": "Duplicate ID",
    "description": "Renamed 'vip-box-203' to 'vip-box-203-1'"
  },
  {
    "venue": "Jiffy_Lube_Live",
    "type": "Missing Attribute",
    "description": "Added data-id='5830066' to section '202a2'"
  },
  {
    "venue": "Jiffy_Lube_Live",
    "type": "Missing Attribute",
    "description": "Added data-id='5332686' to section '202a3'"
  },
  {
    "venue": "Jiffy_Lube_Live",
    "type": "Missing Attribute",
    "description": "Added data-id='7294228' to section '202a4'"
  },
  {
    "venue": "Jiffy_Lube_Live",
    "type": "Missing Attribute",
    "description": "Added data-id='9679062' to section '202a5'"
  },
  {
    "venue": "Jiffy_Lube_Live",
    "type": "Missing Attribute",
    "description": "Added data-id='7226990' to section '202a6'"
  },
  {
    "venue": "Jiffy_Lube_Live",
    "type": "Missing Labels",
    "description": "Added labels to sections"
  },
  {
    "venue": "Jiffy_Lube_Live",
    "type": "Invalid Colors",
    "description": "Fixed color formats"
  },
  {
    "venue": "Kaseya_Center",
    "type": "Missing Attribute",
    "description": "Added data-section-id='g5355'"
  },
  {
    "venue": "Kaseya_Center",
    "type": "Missing Attribute",
    "description": "Added data-section-id='g5360'"
  },
  {
    "venue": "Kaseya_Center",
    "type": "Missing Labels",
    "description": "Added labels to sections"
  },
  {
    "venue": "Kia_Forum",
    "type": "Missing Labels",
    "description": "Added labels to sections"
  },
  {
    "venue": "Leader_Bank_Pavilion",
    "type": "Missing Labels",
    "description": "Added labels to sections"
  },
  {
    "venue": "Levi_s_Stadium",
    "type": "Missing Labels",
    "description": "Added labels to sections"
  },
  {
    "venue": "loanDepot_Park",
    "type": "Missing Attribute",
    "description": "Added data-section-id='sections'"
  },
  {
    "venue": "loanDepot_Park",
    "type": "Missing Labels",
    "description": "Added labels to sections"
  },
  {
    "venue": "Lyric_Theatre",
    "type": "Missing Labels",
    "description": "Added labels to sections"
  },
  {
    "venue": "Madison_Square_Garden",
    "type": "Missing Labels",
    "description": "Added labels to sections"
  },
  {
    "venue": "Mandalay_Bay",
    "type": "Missing Attribute",
    "description": "Added data-section-id='sections'"
  },
  {
    "venue": "Mandalay_Bay",
    "type": "Missing Labels",
    "description": "Added labels to sections"
  },
  {
    "venue": "Mercedes_Benz_Stadium",
    "type": "Missing Labels",
    "description": "Added labels to sections"
  },
  {
    "venue": "MetLife_Stadium",
    "type": "Missing Labels",
    "description": "Added labels to sections"
  },
  {
    "venue": "MGM_Grand_Garden_Arena",
    "type": "Missing Labels",
    "description": "Added labels to sections"
  },
  {
    "venue": "MGM_Music_Hall_at_Fenway",
    "type": "Missing Labels",
    "description": "Added labels to sections"
  },
  {
    "venue": "Michelob_Ultra_Arena",
    "type": "Missing Labels",
    "description": "Added labels to sections"
  },
  {
    "venue": "Minskoff_Theatre",
    "type": "Missing Labels",
    "description": "Added labels to sections"
  },
  {
    "venue": "Mirage",
    "type": "Missing Labels",
    "description": "Added labels to sections"
  },
  {
    "venue": "Mortgage_Matchup_Center",
    "type": "Missing Labels",
    "description": "Added labels to sections"
  },
  {
    "venue": "MSG_Sphere",
    "type": "Duplicate ID",
    "description": "Renamed '311' to '311-1'"
  },
  {
    "venue": "MSG_Sphere",
    "type": "Missing Labels",
    "description": "Added labels to sections"
  },
  {
    "venue": "Nebraska_Memorial_Stadium",
    "type": "Missing Labels",
    "description": "Added labels to sections"
  },
  {
    "venue": "New_Amsterdam_Theatre",
    "type": "Missing Labels",
    "description": "Added labels to sections"
  },
  {
    "venue": "New_York_New_York",
    "type": "Missing Labels",
    "description": "Added labels to sections"
  },
  {
    "venue": "NRG_Stadium",
    "type": "Missing Labels",
    "description": "Added labels to sections"
  },
  {
    "venue": "O2_Arena",
    "type": "Missing Labels",
    "description": "Added labels to sections"
  },
  {
    "venue": "Pantages_Theatre",
    "type": "Duplicate ID",
    "description": "Renamed 'orch-right' to 'orch-right-1'"
  },
  {
    "venue": "Pantages_Theatre",
    "type": "Missing Labels",
    "description": "Added labels to sections"
  },
  {
    "venue": "Paramount_Theatre_Seattle",
    "type": "Missing Labels",
    "description": "Added labels to sections"
  },
  {
    "venue": "Park_MGM",
    "type": "Missing Labels",
    "description": "Added labels to sections"
  },
  {
    "venue": "Pinewood_Bowl_Theater",
    "type": "Missing Labels",
    "description": "Added labels to sections"
  },
  {
    "venue": "Pinnacle_Bank_Arena",
    "type": "Missing Labels",
    "description": "Added labels to sections"
  },
  {
    "venue": "PNC_Bank_Arts_Center",
    "type": "Missing Labels",
    "description": "Added labels to sections"
  },
  {
    "venue": "PNC_Bank_Arts_Center",
    "type": "Invalid Colors",
    "description": "Fixed color formats"
  },
  {
    "venue": "Prudential_Center",
    "type": "Missing Labels",
    "description": "Added labels to sections"
  },
  {
    "venue": "Prudential_Center",
    "type": "Invalid Colors",
    "description": "Fixed color formats"
  },
  {
    "venue": "Radio_City_Music_Hall",
    "type": "Missing Labels",
    "description": "Added labels to sections"
  },
  {
    "venue": "Rio_Las_Vegas",
    "type": "Missing Labels",
    "description": "Added labels to sections"
  },
  {
    "venue": "Rio_Las_Vegas",
    "type": "Invalid Colors",
    "description": "Fixed color formats"
  },
  {
    "venue": "Roadrunner",
    "type": "Missing Labels",
    "description": "Added labels to sections"
  },
  {
    "venue": "Rosemont_Theatre",
    "type": "Missing Labels",
    "description": "Added labels to sections"
  },
  {
    "venue": "Royal_Albert_Hall",
    "type": "Missing Labels",
    "description": "Added labels to sections"
  },
  {
    "venue": "Santander_Arena",
    "type": "Missing Attribute",
    "description": "Added data-section-id='sections'"
  },
  {
    "venue": "Santander_Arena",
    "type": "Missing Labels",
    "description": "Added labels to sections"
  },
  {
    "venue": "Scotiabank_Arena",
    "type": "Missing Labels",
    "description": "Added labels to sections"
  },
  {
    "venue": "ShoWare_Center",
    "type": "Missing Labels",
    "description": "Added labels to sections"
  },
  {
    "venue": "Smart_Financial_Centre",
    "type": "Missing Labels",
    "description": "Added labels to sections"
  },
  {
    "venue": "Soldier_Field",
    "type": "Missing Labels",
    "description": "Added labels to sections"
  },
  {
    "venue": "State_Farm_Arena",
    "type": "Missing Labels",
    "description": "Added labels to sections"
  },
  {
    "venue": "State_Farm_Arena",
    "type": "Invalid Colors",
    "description": "Fixed color formats"
  },
  {
    "venue": "State_Farm_Stadium",
    "type": "Missing Labels",
    "description": "Added labels to sections"
  },
  {
    "venue": "Talking_Stick_Resort_Amphitheatre",
    "type": "Missing Labels",
    "description": "Added labels to sections"
  },
  {
    "venue": "TD_Garden",
    "type": "Missing Labels",
    "description": "Added labels to sections"
  },
  {
    "venue": "The_Arena_at_CHI_Health_Center_Omaha",
    "type": "Missing Labels",
    "description": "Added labels to sections"
  },
  {
    "venue": "The_Astro_Amphitheater",
    "type": "Missing Labels",
    "description": "Added labels to sections"
  },
  {
    "venue": "The_Colosseum_at_Caesars",
    "type": "Duplicate ID",
    "description": "Renamed '202' to '202-1'"
  },
  {
    "venue": "The_Colosseum_at_Caesars",
    "type": "Missing Labels",
    "description": "Added labels to sections"
  },
  {
    "venue": "The_Colosseum_at_Caesars",
    "type": "Invalid Colors",
    "description": "Fixed color formats"
  },
  {
    "venue": "The_Masonic",
    "type": "Missing Labels",
    "description": "Added labels to sections"
  },
  {
    "venue": "The_Tabernacle",
    "type": "Missing Attribute",
    "description": "Added data-section-id='sections'"
  },
  {
    "venue": "The_Tabernacle",
    "type": "Missing Labels",
    "description": "Added labels to sections"
  },
  {
    "venue": "Thomas_and_Mack_Center",
    "type": "Missing Labels",
    "description": "Added labels to sections"
  },
  {
    "venue": "Toyota_Center",
    "type": "Missing Labels",
    "description": "Added labels to sections"
  },
  {
    "venue": "TPC_of_Scottsdale",
    "type": "Missing Labels",
    "description": "Added labels to sections"
  },
  {
    "venue": "Treasure_Island",
    "type": "Missing Labels",
    "description": "Added labels to sections"
  },
  {
    "venue": "UBS_Arena",
    "type": "Missing Labels",
    "description": "Added labels to sections"
  },
  {
    "venue": "United_Center",
    "type": "Missing Labels",
    "description": "Added labels to sections"
  },
  {
    "venue": "Westgate_Las_Vegas",
    "type": "Duplicate ID",
    "description": "Renamed 'e12' to 'e12-1'"
  },
  {
    "venue": "Westgate_Las_Vegas",
    "type": "Missing Labels",
    "description": "Added labels to sections"
  },
  {
    "venue": "Winspear_Opera_House",
    "type": "Missing Labels",
    "description": "Added labels to sections"
  },
  {
    "venue": "Xfinity_Mobile_Arena",
    "type": "Missing Labels",
    "description": "Added labels to sections"
  }
]